{"cameraMode":{"drawMode":0,"name":"Shaded","section":"Shading Mode"},"sceneLighting":true,"audioPlay":false,"sceneViewState":{"showFog":true,"showMaterialUpdate":false,"showSkybox":true,"showFlares":true,"showImageEffects":true,"showParticleSystems":true},"in2DMode":false,"pivot":{"x":-9.255651473999024,"y":1.3707653284072877,"z":-0.8016921877861023},"rotation":{"x":0.00993728544563055,"y":0.6769475936889648,"z":-0.00914280116558075,"w":0.7359073758125305},"size":4.817973613739014,"orthographic":false}